station,extreme_pp_rate,days_total,days_with_pp,extreme_pp_value,avg_increasing_chain_length_for_extremes,avg_increasing_chain_length,avg_increasing_chain_length_for_extremes_norm,avg_high_t_chain_length_for_extremes,avg_high_t_chain_length,avg_high_t_chain_length_for_extremes_norm,large_jump_pos,large_jump_pos_extreme_pp_rate,large_jump_neg,large_jump_neg_extreme_pp_rate,lat,lon,is_land,large_jump_pos_extreme_pp_rate_norm,large_jump_neg_extreme_pp_rate_norm
-20.25_-52.0,0.021505376344086023,93,25,53.42841167002916,7.0,3.913978494623656,1.7884615384615383,4.5,1.4946236559139785,3.0107913669064748,0.0967741935483871,0.0,0.043010752688172046,0.0,-20.25,-52.0,True,0.0,0.0
-20.25_-54.0,0.025,80,22,53.28222457319498,5.5,4.0,1.375,1.5,1.3125,1.1428571428571428,0.075,0.16666666666666666,0.0375,0.0,-20.25,-54.0,True,6.666666666666666,0.0
-20.25_-56.0,0.025974025974025976,77,23,25.375232007354498,3.5,3.5064935064935066,0.9981481481481481,2.0,1.2467532467532467,1.6041666666666667,0.07792207792207792,0.16666666666666666,0.025974025974025976,0.0,-20.25,-56.0,True,6.416666666666666,0.0
-20.25_-58.0,0.01652892561983471,121,35,19.619379099458456,4.5,3.9669421487603307,1.134375,1.5,1.322314049586777,1.134375,0.08264462809917356,0.1,0.024793388429752067,0.0,-20.25,-58.0,True,6.05,0.0
-20.25_-60.0,0.015789473684210527,190,42,18.030177801847458,5.0,3.9842105263157896,1.2549537648612945,3.0,1.6736842105263159,1.792452830188679,0.05263157894736842,0.0,0.031578947368421054,0.0,-20.25,-60.0,True,0.0,0.0
-20.25_-62.0,0.012195121951219513,246,40,16.089741233736277,4.666666666666667,4.008130081300813,1.1643002028397567,1.0,1.8252032520325203,0.5478841870824054,0.04878048780487805,0.0,0.036585365853658534,0.0,-20.25,-62.0,True,0.0,0.0
-20.25_-64.0,0.012738853503184714,157,38,19.66147175990045,3.0,4.044585987261146,0.741732283464567,1.0,1.6560509554140128,0.6038461538461538,0.050955414012738856,0.0,0.006369426751592357,0.0,-20.25,-64.0,True,0.0,0.0
-20.25_-66.0,0.014925373134328358,67,14,44.878070801496506,1.0,3.4925373134328357,0.28632478632478636,1.0,1.5522388059701493,0.6442307692307692,0.07462686567164178,0.0,0.029850746268656716,0.5,-20.25,-66.0,True,0.0,33.5
-20.25_-68.0,0.0,93,16,,,,,,,,0.06451612903225806,0.0,0.0,,-20.25,-68.0,True,,
-20.25_-70.0,0.007936507936507936,252,37,16.002154955640435,7.0,4.25,1.6470588235294117,3.5,1.9246031746031746,1.8185567010309278,0.06746031746031746,0.0,0.023809523809523808,0.0,-20.25,-70.0,True,0.0,0.0
-20.25_-72.0,0.010101010101010102,198,37,6.637876387685537,7.0,6.03030303030303,1.1608040201005025,1.0,1.7424242424242424,0.5739130434782609,0.06565656565656566,0.0,0.03535353535353535,0.0,-20.25,-72.0,False,0.0,0.0
-20.25_-74.0,0.0029411764705882353,340,18,5.126882018521428,7.0,4.926470588235294,1.4208955223880597,1.0,1.8147058823529412,0.5510534846029174,0.052941176470588235,0.0,0.04411764705882353,0.0,-20.25,-74.0,False,0.0,0.0
-20.25_-76.0,0.002840909090909091,352,8,2.6419817470014095,5.0,5.417613636363637,0.9229155742003146,4.0,1.7471590909090908,2.289430894308943,0.05113636363636364,0.0,0.045454545454545456,0.0,-20.25,-76.0,False,0.0,0.0
-21.75_-52.0,0.018018018018018018,111,29,52.60792225599289,6.5,3.5585585585585586,1.8265822784810126,2.0,1.3693693693693694,1.4605263157894737,0.06306306306306306,0.14285714285714285,0.036036036036036036,0.0,-21.75,-52.0,True,7.928571428571428,0.0
-21.75_-54.0,0.019417475728155338,103,27,43.58148258179426,4.0,3.7572815533980584,1.0645994832041343,1.0,1.4174757281553398,0.7054794520547945,0.08737864077669903,0.0,0.02912621359223301,0.0,-21.75,-54.0,True,0.0,0.0
-21.75_-56.0,0.016666666666666666,120,32,52.80121732503176,2.5,3.5416666666666665,0.7058823529411765,1.0,1.4083333333333334,0.7100591715976331,0.075,0.0,0.03333333333333333,0.0,-21.75,-56.0,True,0.0,0.0
-21.75_-58.0,0.013986013986013986,143,35,27.460414823144674,3.5,4.265734265734266,0.8204918032786885,1.0,1.4195804195804196,0.7044334975369458,0.08391608391608392,0.08333333333333333,0.027972027972027972,0.0,-21.75,-58.0,True,5.958333333333333,0.0
-21.75_-60.0,0.015,200,44,17.043397296220064,3.3333333333333335,4.335,0.7689350249903883,1.0,1.81,0.5524861878453039,0.05,0.1,0.04,0.0,-21.75,-60.0,True,6.666666666666667,0.0
-21.75_-62.0,0.011450381679389313,262,48,14.365013362839818,2.3333333333333335,3.8206106870229006,0.6107226107226108,1.0,1.9961832061068703,0.5009560229445507,0.05725190839694656,0.0,0.05343511450381679,0.0,-21.75,-62.0,True,0.0,0.0
-21.75_-64.0,0.015706806282722512,191,42,27.861775550991297,1.3333333333333333,3.769633507853403,0.3537037037037037,3.0,1.8219895287958114,1.646551724137931,0.05759162303664921,0.0,0.02617801047120419,0.0,-21.75,-64.0,True,0.0,0.0
-21.75_-66.0,0.0,86,15,,,,,,,,0.08139534883720931,0.0,0.011627906976744186,0.0,-21.75,-66.0,True,,
-21.75_-68.0,0.012987012987012988,154,26,51.55669581145048,6.0,4.974025974025974,1.206266318537859,4.0,2.0714285714285716,1.9310344827586206,0.07792207792207792,0.0,0.012987012987012988,0.0,-21.75,-68.0,True,0.0,0.0
-21.75_-70.0,0.006779661016949152,295,31,13.560632290318608,7.0,4.020338983050848,1.7411467116357504,3.5,1.9491525423728813,1.7956521739130435,0.0576271186440678,0.0,0.03389830508474576,0.0,-21.75,-70.0,True,0.0,0.0
-21.75_-72.0,0.0072992700729927005,274,35,5.303393583744764,7.0,5.883211678832117,1.1898263027295286,1.0,1.8284671532846715,0.5469061876247505,0.058394160583941604,0.0,0.040145985401459854,0.0,-21.75,-72.0,False,0.0,0.0
-21.75_-74.0,0.006134969325153374,326,33,5.680195125751197,3.5,3.938650306748466,0.8886292834890966,1.0,1.8251533742331287,0.5478991596638656,0.05214723926380368,0.058823529411764705,0.049079754601226995,0.0,-21.75,-74.0,False,9.588235294117647,0.0
-21.75_-76.0,0.006006006006006006,333,25,2.3480174015276134,7.0,4.906906906906907,1.4265605875152998,1.0,1.6876876876876876,0.5925266903914591,0.042042042042042045,0.0,0.06006006006006006,0.0,-21.75,-76.0,False,0.0,0.0
-23.25_-52.0,0.018018018018018018,111,22,63.49388714879751,3.0,3.5765765765765765,0.8387909319899245,1.0,1.6936936936936937,0.5904255319148937,0.06306306306306306,0.0,0.05405405405405406,0.0,-23.25,-52.0,True,0.0,0.0
-23.25_-54.0,0.015384615384615385,130,32,64.11388982087374,4.0,4.046153846153846,0.9885931558935361,1.0,1.5,0.6666666666666666,0.07692307692307693,0.0,0.03076923076923077,0.0,-23.25,-54.0,True,0.0,0.0
-23.25_-56.0,0.01935483870967742,155,40,33.91109900549054,4.0,4.2387096774193544,0.9436834094368342,3.6666666666666665,1.5612903225806452,2.3484848484848486,0.09032258064516129,0.07142857142857142,0.025806451612903226,0.0,-23.25,-56.0,True,3.6904761904761902,0.0
-23.25_-58.0,0.017241379310344827,174,41,14.99780137091875,4.666666666666667,4.327586206896552,1.0783532536520586,2.3333333333333335,1.4425287356321839,1.6175298804780878,0.06896551724137931,0.08333333333333333,0.040229885057471264,0.0,-23.25,-58.0,True,4.833333333333333,0.0
-23.25_-60.0,0.013636363636363636,220,46,18.46576309762895,2.6666666666666665,3.9045454545454548,0.6829646876212649,1.0,1.7954545454545454,0.5569620253164557,0.05909090909090909,0.0,0.045454545454545456,0.0,-23.25,-60.0,True,0.0,0.0
-23.25_-62.0,0.01098901098901099,273,43,14.173650741577148,3.6666666666666665,3.772893772893773,0.9718446601941747,4.0,1.9597069597069596,2.041121495327103,0.054945054945054944,0.0,0.05860805860805861,0.0625,-23.25,-62.0,True,0.0,5.6875
-23.25_-64.0,0.01507537688442211,199,41,27.99595557153225,4.0,3.9748743718592965,1.0063211125158027,2.0,1.914572864321608,1.0446194225721785,0.06030150753768844,0.0,0.02512562814070352,0.0,-23.25,-64.0,True,0.0,0.0
-23.25_-66.0,0.016,125,29,52.91565544903278,5.0,4.024,1.242544731610338,2.0,1.48,1.3513513513513513,0.056,0.0,0.024,0.0,-23.25,-66.0,True,0.0,0.0
-23.25_-68.0,0.010638297872340425,188,31,39.13453929126263,4.0,4.308510638297872,0.928395061728395,1.0,1.8457446808510638,0.5417867435158501,0.06382978723404255,0.0,0.005319148936170213,0.0,-23.25,-68.0,True,0.0,0.0
-23.25_-70.0,0.006688963210702341,299,25,9.141869796440005,4.5,3.759197324414716,1.1970640569395017,1.5,1.9331103678929766,0.7759515570934256,0.05016722408026756,0.0,0.046822742474916385,0.0,-23.25,-70.0,True,0.0,0.0
-23.25_-72.0,0.006802721088435374,294,30,6.429403997026384,6.5,5.414965986394558,1.2003768844221105,1.0,1.6870748299319729,0.5927419354838709,0.05442176870748299,0.0,0.05782312925170068,0.0,-23.25,-72.0,False,0.0,0.0
-23.25_-74.0,0.0070921985815602835,282,38,5.7920030085369945,4.0,4.159574468085107,0.9616368286445012,3.5,1.648936170212766,2.1225806451612903,0.05673758865248227,0.0,0.05319148936170213,0.0,-23.25,-74.0,False,0.0,0.0
-23.25_-76.0,0.00625,320,36,2.8408597921952605,2.5,4.909375,0.5092297899427116,1.0,1.621875,0.6165703275529866,0.053125,0.0,0.046875,0.06666666666666667,-23.25,-76.0,False,0.0,10.666666666666666
-24.75_-52.0,0.014705882352941176,136,25,71.8457579612732,2.5,3.823529411764706,0.6538461538461539,1.0,1.7205882352941178,0.5811965811965811,0.0661764705882353,0.0,0.0661764705882353,0.0,-24.75,-52.0,True,0.0,0.0
-24.75_-54.0,0.0196078431372549,153,38,25.69598061963916,4.666666666666667,3.810457516339869,1.2246998284734136,1.0,1.5163398692810457,0.6594827586206897,0.06535947712418301,0.0,0.0196078431372549,0.0,-24.75,-54.0,True,0.0,0.0
-24.75_-56.0,0.0111731843575419,179,44,21.063045831397176,2.5,3.988826815642458,0.626750700280112,1.0,1.5307262569832403,0.6532846715328466,0.061452513966480445,0.0,0.027932960893854747,0.0,-24.75,-56.0,True,0.0,0.0
-24.75_-58.0,0.009389671361502348,213,46,25.648269150406122,2.0,4.037558685446009,0.4953488372093024,3.5,1.619718309859155,2.160869565217391,0.056338028169014086,0.0,0.04225352112676056,0.1111111111111111,-24.75,-58.0,True,0.0,11.833333333333332
-24.75_-60.0,0.012658227848101266,237,43,14.411788154393435,5.666666666666667,3.780590717299578,1.4988839285714286,2.6666666666666665,1.8987341772151898,1.4044444444444444,0.05907172995780591,0.0,0.05907172995780591,0.0,-24.75,-60.0,True,0.0,0.0
-24.75_-62.0,0.011111111111111112,270,42,29.026761185377836,5.0,3.9703703703703703,1.2593283582089552,4.333333333333333,1.9666666666666666,2.2033898305084745,0.044444444444444446,0.0,0.06296296296296296,0.0,-24.75,-62.0,True,0.0,0.0
-24.75_-64.0,0.009259259259259259,216,38,73.20565804839134,1.5,4.171296296296297,0.35960044395116536,1.0,1.8842592592592593,0.5307125307125307,0.037037037037037035,0.125,0.027777777777777776,0.0,-24.75,-64.0,True,13.5,0.0
-24.75_-66.0,0.018691588785046728,107,28,61.59204673022032,4.0,3.9906542056074765,1.0023419203747073,1.0,1.691588785046729,0.5911602209944751,0.04672897196261682,0.0,0.028037383177570093,0.0,-24.75,-66.0,True,0.0,0.0
-24.75_-68.0,0.010101010101010102,198,33,43.41835230588913,2.5,3.8737373737373737,0.6453715775749674,2.5,1.8080808080808082,1.38268156424581,0.06060606060606061,0.0,0.020202020202020204,0.0,-24.75,-68.0,True,0.0,0.0
-24.75_-70.0,0.006230529595015576,321,24,5.637212935835123,1.0,3.8629283489096573,0.25887096774193546,6.5,1.7819314641744548,3.647727272727273,0.04984423676012461,0.0,0.04361370716510903,0.07142857142857142,-24.75,-70.0,True,0.0,11.464285714285714
-24.75_-72.0,0.0061162079510703364,327,30,3.775434975977987,6.0,5.345565749235474,1.1224256292906178,1.0,1.4954128440366972,0.6687116564417178,0.0764525993883792,0.0,0.03669724770642202,0.0,-24.75,-72.0,False,0.0,0.0
-24.75_-74.0,0.006734006734006734,297,36,5.7799204951152205,1.5,3.8316498316498318,0.3914762741652021,1.0,1.5218855218855218,0.6570796460176991,0.04713804713804714,0.0,0.06397306397306397,0.0,-24.75,-74.0,False,0.0,0.0
-24.75_-76.0,0.0060790273556231,329,22,3.0732190352864563,5.5,4.981762917933131,1.104026845637584,1.0,1.6139817629179332,0.6195856873822976,0.0729483282674772,0.0,0.0243161094224924,0.0,-24.75,-76.0,False,0.0,0.0
-26.25_-52.0,0.005917159763313609,169,35,52.6514595374465,2.0,3.514792899408284,0.569023569023569,1.0,1.5976331360946745,0.625925925925926,0.05325443786982249,0.0,0.05917159763313609,0.0,-26.25,-52.0,True,0.0,0.0
-26.25_-54.0,0.01764705882352941,170,39,33.312082942575216,4.666666666666667,3.9058823529411764,1.1947791164658637,1.0,1.5588235294117647,0.6415094339622641,0.052941176470588235,0.0,0.03529411764705882,0.0,-26.25,-54.0,True,0.0,0.0
-26.25_-56.0,0.01020408163265306,196,43,29.080158099532127,2.5,3.86734693877551,0.6464379947229552,1.0,1.596938775510204,0.6261980830670927,0.05612244897959184,0.09090909090909091,0.05102040816326531,0.0,-26.25,-56.0,True,8.90909090909091,0.0
-26.25_-58.0,0.013636363636363636,220,46,22.24592138081789,2.6666666666666665,3.768181818181818,0.7076799356654604,1.6666666666666667,1.6954545454545455,0.9830205540661304,0.06363636363636363,0.07142857142857142,0.05909090909090909,0.0,-26.25,-58.0,True,5.238095238095238,0.0
-26.25_-60.0,0.011673151750972763,257,48,21.960648335516453,2.3333333333333335,3.6614785992217898,0.6372653205809423,2.6666666666666665,1.953307392996109,1.3652058432934926,0.042801556420233464,0.0,0.07003891050583658,0.0,-26.25,-60.0,True,0.0,0.0
-26.25_-62.0,0.007194244604316547,278,36,73.88787120580673,4.0,3.8093525179856114,1.0500472143531634,3.0,1.9172661870503598,1.5647279549718573,0.0539568345323741,0.0,0.07194244604316546,0.0,-26.25,-62.0,True,0.0,0.0
-26.25_-64.0,0.011904761904761904,252,42,79.65299282222986,4.333333333333333,3.8333333333333335,1.1304347826086956,1.6666666666666667,1.8134920634920635,0.9190371991247265,0.05555555555555555,0.07142857142857142,0.05952380952380952,0.0,-26.25,-64.0,True,6.0,0.0
-26.25_-66.0,0.01282051282051282,156,39,96.11272551119328,2.5,3.7756410256410255,0.6621392190152802,5.0,1.6987179487179487,2.9433962264150946,0.05128205128205128,0.0,0.038461538461538464,0.0,-26.25,-66.0,True,0.0,0.0
-26.25_-68.0,0.0091324200913242,219,35,50.39849951863289,3.5,3.6986301369863015,0.9462962962962963,4.0,1.7579908675799087,2.275324675324675,0.0410958904109589,0.0,0.0273972602739726,0.0,-26.25,-68.0,True,0.0,0.0
-26.25_-70.0,0.0030303030303030303,330,20,5.550280446186662,3.0,3.4545454545454546,0.868421052631579,1.0,1.790909090909091,0.5583756345177665,0.04242424242424243,0.0,0.048484848484848485,0.0,-26.25,-70.0,True,0.0,0.0
-26.25_-72.0,0.002898550724637681,345,13,4.884708719328046,7.0,5.269565217391304,1.3283828382838285,1.0,1.5217391304347827,0.6571428571428571,0.06666666666666667,0.0,0.043478260869565216,0.0,-26.25,-72.0,False,0.0,0.0
-26.25_-74.0,0.010067114093959731,298,50,2.846561267506331,1.6666666666666667,3.469798657718121,0.48033526756931016,1.0,1.6073825503355705,0.6221294363256785,0.06040268456375839,0.05555555555555555,0.03691275167785235,0.0,-26.25,-74.0,False,5.518518518518518,0.0
-26.25_-76.0,0.0029069767441860465,344,15,3.3816154464147985,1.0,4.4563953488372094,0.22439660795825178,1.0,1.688953488372093,0.5920826161790017,0.06976744186046512,0.0,0.0377906976744186,0.0,-26.25,-76.0,False,0.0,0.0
-27.75_-52.0,0.016853932584269662,178,40,46.96403816342354,5.0,3.455056179775281,1.4471544715447155,2.0,1.5280898876404494,1.3088235294117647,0.06741573033707865,0.25,0.05056179775280899,0.0,-27.75,-52.0,True,14.833333333333334,0.0
-27.75_-54.0,0.015151515151515152,198,40,35.43943762779236,5.0,3.606060606060606,1.3865546218487395,3.6666666666666665,1.52020202020202,2.4119601328903655,0.05555555555555555,0.0,0.06565656565656566,0.0,-27.75,-54.0,True,0.0,0.0
-27.75_-56.0,0.013513513513513514,222,46,28.365494403988123,3.3333333333333335,3.7567567567567566,0.8872901678657075,1.6666666666666667,1.6126126126126126,1.0335195530726258,0.04954954954954955,0.0,0.06306306306306306,0.0,-27.75,-56.0,True,0.0,0.0
-27.75_-58.0,0.012552301255230125,239,46,31.431392580270767,4.333333333333333,3.690376569037657,1.174225245653817,1.3333333333333333,1.7489539748953975,0.7623604465709728,0.0502092050209205,0.0,0.08786610878661087,0.0,-27.75,-58.0,True,0.0,0.0
-27.75_-60.0,0.010638297872340425,282,51,32.425681594759226,3.3333333333333335,3.5567375886524824,0.9371884346959123,1.0,1.8936170212765957,0.5280898876404494,0.04609929078014184,0.0,0.08156028368794327,0.0,-27.75,-60.0,True,0.0,0.0
-27.75_-62.0,0.01020408163265306,294,42,31.23853001743555,4.0,3.421768707482993,1.168986083499006,3.0,1.8979591836734695,1.5806451612903225,0.047619047619047616,0.0,0.0782312925170068,0.0,-27.75,-62.0,True,0.0,0.0
-27.75_-64.0,0.006802721088435374,294,45,72.69374672323465,2.5,3.5884353741496597,0.6966824644549763,1.0,1.8231292517006803,0.5485074626865671,0.04081632653061224,0.0,0.0782312925170068,0.0,-27.75,-64.0,True,0.0,0.0
-27.75_-66.0,0.013392857142857142,224,50,88.16220536828041,1.0,3.3705357142857144,0.2966887417218543,2.6666666666666665,1.6696428571428572,1.5971479500891264,0.03571428571428571,0.0,0.05357142857142857,0.0,-27.75,-66.0,True,0.0,0.0
-27.75_-68.0,0.012987012987012988,231,39,18.822223646566272,2.3333333333333335,3.3333333333333335,0.7000000000000001,3.0,1.70995670995671,1.7544303797468355,0.047619047619047616,0.0,0.03896103896103896,0.0,-27.75,-68.0,True,0.0,0.0
-27.75_-70.0,0.006006006006006006,333,23,5.52557164337486,4.5,3.096096096096096,1.453443258971872,4.0,1.7537537537537538,2.280821917808219,0.05405405405405406,0.0,0.05105105105105105,0.0,-27.75,-70.0,True,0.0,0.0
-27.75_-72.0,0.002849002849002849,351,6,11.653501214459538,1.0,3.8603988603988606,0.25904059040590405,1.0,1.5754985754985755,0.6347197106690777,0.05698005698005698,0.0,0.039886039886039885,0.0,-27.75,-72.0,False,0.0,0.0
-27.75_-74.0,0.010238907849829351,293,46,3.729625779669732,5.666666666666667,3.4573378839590445,1.6390259953932216,3.0,1.484641638225256,2.0206896551724136,0.08191126279863481,0.0,0.020477815699658702,0.0,-27.75,-74.0,False,0.0,0.0
-27.75_-76.0,0.0029154518950437317,343,15,2.594881475670263,6.0,4.099125364431487,1.4637268847795164,4.0,1.7084548104956268,2.3412969283276452,0.06705539358600583,0.0,0.03498542274052478,0.0,-27.75,-76.0,False,0.0,0.0
-29.25_-52.0,0.013636363636363636,220,46,58.055503852665424,3.3333333333333335,3.6045454545454545,0.9247583018074822,2.0,1.490909090909091,1.3414634146341462,0.05454545454545454,0.08333333333333333,0.1,0.0,-29.25,-52.0,True,6.111111111111111,0.0
-29.25_-54.0,0.013824884792626729,217,46,43.88820491731167,3.3333333333333335,3.5668202764976957,0.9345391903531439,2.0,1.423963133640553,1.4045307443365695,0.04608294930875576,0.0,0.06912442396313365,0.0,-29.25,-54.0,True,0.0,0.0
-29.25_-56.0,0.0125,240,44,43.36861912161112,3.3333333333333335,3.4625,0.9626955475330927,2.0,1.4583333333333333,1.3714285714285714,0.04583333333333333,0.0,0.06666666666666667,0.0,-29.25,-56.0,True,0.0,0.0
-29.25_-58.0,0.011450381679389313,262,49,38.666678220033646,3.3333333333333335,3.5916030534351147,0.9280906836698548,1.3333333333333333,1.6603053435114503,0.8030651340996169,0.026717557251908396,0.0,0.08778625954198473,0.0,-29.25,-58.0,True,0.0,0.0
-29.25_-60.0,0.010638297872340425,282,54,21.574249304831028,4.333333333333333,3.3191489361702127,1.3055555555555556,1.6666666666666667,1.7375886524822695,0.9591836734693878,0.03900709219858156,0.0,0.09219858156028368,0.0,-29.25,-60.0,True,0.0,0.0
-29.25_-62.0,0.009933774834437087,302,50,20.56704293936491,3.0,3.3311258278145695,0.900596421471173,3.0,1.7980132450331126,1.6685082872928176,0.03642384105960265,0.0,0.08609271523178808,0.0,-29.25,-62.0,True,0.0,0.0
-29.25_-64.0,0.009933774834437087,302,48,17.427818616852164,1.0,3.456953642384106,0.289272030651341,3.0,1.7913907284768211,1.6746765249537894,0.052980132450331126,0.0,0.076158940397351,0.043478260869565216,-29.25,-64.0,True,0.0,4.3768115942028984
-29.25_-66.0,0.010830324909747292,277,48,68.65743286907673,3.3333333333333335,3.256317689530686,1.0236511456023651,3.0,1.7148014440433212,1.7494736842105263,0.032490974729241874,0.0,0.07581227436823104,0.047619047619047616,-29.25,-66.0,True,0.0,4.396825396825397
-29.25_-68.0,0.01060070671378092,283,47,23.21423990651965,2.3333333333333335,3.1625441696113072,0.7378026070763501,5.0,1.7243816254416962,2.8995901639344264,0.04946996466431095,0.0,0.06007067137809187,0.0,-29.25,-68.0,True,0.0,0.0
-29.25_-70.0,0.0061162079510703364,327,27,5.819514929316938,3.5,2.8960244648318043,1.2085533262935586,1.5,1.724770642201835,0.8696808510638298,0.0581039755351682,0.0,0.04892966360856269,0.0,-29.25,-70.0,True,0.0,0.0
-29.25_-72.0,0.002849002849002849,351,2,10.497557348571718,1.0,3.584045584045584,0.2790143084260731,1.0,1.623931623931624,0.6157894736842106,0.05698005698005698,0.0,0.037037037037037035,0.0,-29.25,-72.0,False,0.0,0.0
-29.25_-74.0,0.0029239766081871343,342,12,5.593123706057668,1.0,3.4327485380116958,0.29131175468483816,1.0,1.6666666666666667,0.6,0.04678362573099415,0.0,0.05555555555555555,0.0,-29.25,-74.0,False,0.0,0.0
-29.25_-76.0,0.0058823529411764705,340,24,2.560435311170295,3.5,3.9911764705882353,0.8769344141488578,3.0,1.7088235294117646,1.755593803786575,0.058823529411764705,0.0,0.041176470588235294,0.0,-29.25,-76.0,False,0.0,0.0
-30.75_-52.0,0.01107011070110701,271,50,54.61783893406391,2.6666666666666665,3.4280442804428044,0.7778973806960889,1.0,1.6088560885608856,0.6215596330275229,0.02952029520295203,0.125,0.08856088560885608,0.0,-30.75,-52.0,True,11.291666666666668,0.0
-30.75_-54.0,0.011673151750972763,257,54,43.708558939397335,2.3333333333333335,3.252918287937743,0.7173046251993621,1.3333333333333333,1.4863813229571985,0.8970331588132634,0.038910505836575876,0.1,0.06614785992217899,0.0,-30.75,-54.0,True,8.566666666666666,0.0
-30.75_-56.0,0.011406844106463879,263,52,36.163309682160616,3.0,2.9543726235741445,1.0154440154440154,1.3333333333333333,1.4866920152091254,0.896845694799659,0.03802281368821293,0.1,0.09125475285171103,0.0,-30.75,-56.0,True,8.766666666666667,0.0
-30.75_-58.0,0.01079136690647482,278,52,32.97588229179382,3.3333333333333335,3.1043165467625897,1.073773657782928,1.0,1.5071942446043165,0.6634844868735084,0.02877697841726619,0.0,0.1079136690647482,0.0,-30.75,-58.0,True,0.0,0.0
-30.75_-60.0,0.010380622837370242,289,55,20.026980992406607,3.0,3.0588235294117645,0.9807692307692308,2.3333333333333335,1.6159169550173011,1.4439685938615274,0.031141868512110725,0.0,0.08650519031141868,0.0,-30.75,-60.0,True,0.0,0.0
-30.75_-62.0,0.010869565217391304,276,52,12.575207138434052,5.666666666666667,3.3115942028985508,1.7111597374179432,2.3333333333333335,1.7427536231884058,1.338877338877339,0.050724637681159424,0.0,0.08695652173913043,0.0,-30.75,-62.0,True,0.0,0.0
-30.75_-64.0,0.010452961672473868,287,49,17.65240877866745,2.3333333333333335,3.2334494773519165,0.7216235632183908,1.0,1.6933797909407666,0.5905349794238682,0.05574912891986063,0.0,0.08710801393728224,0.04,-30.75,-64.0,True,0.0,3.826666666666666
-30.75_-66.0,0.010526315789473684,285,55,64.38858155161142,2.3333333333333335,2.943859649122807,0.7926102502979738,3.0,1.7824561403508772,1.6830708661417324,0.03508771929824561,0.0,0.07719298245614035,0.0,-30.75,-66.0,True,0.0,0.0
-30.75_-68.0,0.011194029850746268,268,47,51.27575285732746,1.6666666666666667,2.791044776119403,0.5971479500891266,5.333333333333333,1.791044776119403,2.9777777777777774,0.055970149253731345,0.06666666666666667,0.055970149253731345,0.0,-30.75,-68.0,True,5.955555555555556,0.0
-30.75_-70.0,0.006349206349206349,315,28,9.292516484856606,4.5,2.6126984126984127,1.7223572296476306,3.0,1.7301587301587302,1.7339449541284402,0.05714285714285714,0.0,0.050793650793650794,0.0,-30.75,-70.0,True,0.0,0.0
-30.75_-72.0,0.0028653295128939827,349,4,7.476541749201715,1.0,2.35243553008596,0.42509135200974424,1.0,1.6017191977077363,0.6243291592128801,0.06017191977077364,0.0,0.04011461318051576,0.07142857142857142,-30.75,-72.0,False,0.0,24.928571428571427
-30.75_-74.0,0.0028653295128939827,349,7,7.806812413036823,1.0,3.7048710601719197,0.2699149265274555,1.0,1.7220630372492836,0.5806988352745425,0.054441260744985676,0.0,0.04297994269340974,0.0,-30.75,-74.0,False,0.0,0.0
-30.75_-76.0,0.0058309037900874635,343,27,3.392985078971833,6.0,3.991253644314869,1.5032870708546384,1.5,1.6647230320699709,0.9010507880910683,0.043731778425655975,0.0,0.05539358600583091,0.0,-30.75,-76.0,False,0.0,0.0
-32.25_-52.0,0.009933774834437087,302,55,53.55322491377592,5.0,3.6821192052980134,1.3579136690647482,4.666666666666667,1.6059602649006623,2.9058419243986253,0.039735099337748346,0.08333333333333333,0.08278145695364239,0.0,-32.25,-52.0,False,8.388888888888888,0.0
-32.25_-54.0,0.007326007326007326,273,52,54.501524940133095,2.0,2.879120879120879,0.6946564885496184,4.5,1.4871794871794872,3.0258620689655173,0.047619047619047616,0.07692307692307693,0.0989010989010989,0.0,-32.25,-54.0,True,10.5,0.0
-32.25_-56.0,0.010948905109489052,274,53,35.72590257972479,4.0,3.113138686131387,1.2848769050410316,1.3333333333333333,1.4197080291970803,0.9391602399314481,0.043795620437956206,0.0,0.0948905109489051,0.0,-32.25,-56.0,True,0.0,0.0
-32.25_-58.0,0.01090909090909091,275,55,24.24688870087266,4.333333333333333,3.069090909090909,1.4119273301737756,1.3333333333333333,1.5345454545454544,0.8688783570300158,0.04727272727272727,0.0,0.09818181818181818,0.0,-32.25,-58.0,True,0.0,0.0
-32.25_-60.0,0.010948905109489052,274,58,22.72239988669753,4.0,3.0437956204379564,1.3141486810551557,1.3333333333333333,1.602189781021898,0.8321943811693241,0.0364963503649635,0.0,0.10218978102189781,0.0,-32.25,-60.0,True,0.0,0.0
-32.25_-62.0,0.011583011583011582,259,48,23.16037528216839,3.0,3.054054054054054,0.9823008849557523,1.0,1.6447876447876448,0.607981220657277,0.04633204633204633,0.0,0.08108108108108109,0.0,-32.25,-62.0,True,0.0,0.0
-32.25_-64.0,0.01079136690647482,278,48,55.58114591985941,2.6666666666666665,2.856115107913669,0.9336691855583543,3.0,1.6654676258992807,1.8012958963282937,0.046762589928057555,0.0,0.07194244604316546,0.0,-32.25,-64.0,True,0.0,0.0
-32.25_-66.0,0.01090909090909091,275,52,89.71647173166275,1.6666666666666667,2.810909090909091,0.5929279862009487,5.333333333333333,1.6945454545454546,3.1473533619456364,0.04363636363636364,0.0,0.06909090909090909,0.0,-32.25,-66.0,True,0.0,0.0
-32.25_-68.0,0.011538461538461539,260,49,49.5877867564559,1.3333333333333333,2.8038461538461537,0.47553726566072246,4.333333333333333,1.7038461538461538,2.54326561324304,0.057692307692307696,0.06666666666666667,0.046153846153846156,0.0,-32.25,-68.0,True,5.777777777777778,0.0
-32.25_-70.0,0.006600660066006601,303,30,16.420394740998745,4.5,2.5907590759075907,1.7369426751592356,1.5,1.66996699669967,0.8982213438735178,0.052805280528052806,0.0,0.0627062706270627,0.0,-32.25,-70.0,True,0.0,0.0
-32.25_-72.0,0.002890173410404624,346,8,10.251390282064676,1.0,2.494219653179191,0.40092699884125144,1.0,1.5895953757225434,0.629090909090909,0.06358381502890173,0.0,0.03757225433526012,0.0,-32.25,-72.0,False,0.0,0.0
-32.25_-74.0,0.0028653295128939827,349,12,11.216043820604682,7.0,3.4785100286532953,2.0123558484349258,2.0,1.6418338108882522,1.2181500872600348,0.04871060171919771,0.0,0.045845272206303724,0.0,-32.25,-74.0,False,0.0,0.0
-32.25_-76.0,0.005813953488372093,344,35,3.730125550646335,4.0,3.563953488372093,1.1223491027732464,1.5,1.6162790697674418,0.9280575539568345,0.046511627906976744,0.0,0.05232558139534884,0.0,-32.25,-76.0,False,0.0,0.0
-33.75_-52.0,0.01020408163265306,294,56,39.983574114739895,6.0,3.2993197278911564,1.8185567010309278,4.0,1.4965986394557824,2.6727272727272724,0.03741496598639456,0.0,0.08163265306122448,0.0,-33.75,-52.0,False,0.0,0.0
-33.75_-54.0,0.007067137809187279,283,54,93.12103986740112,4.5,2.939929328621908,1.5306490384615385,1.0,1.4381625441696113,0.6953316953316954,0.0353356890459364,0.0,0.09540636042402827,0.0,-33.75,-54.0,True,0.0,0.0
-33.75_-56.0,0.010752688172043012,279,54,78.67334112524986,4.666666666666667,2.860215053763441,1.631578947368421,1.3333333333333333,1.4551971326164874,0.916256157635468,0.03942652329749104,0.09090909090909091,0.0931899641577061,0.0,-33.75,-56.0,True,8.454545454545453,0.0
-33.75_-58.0,0.011235955056179775,267,55,61.38930190354586,5.0,2.8801498127340825,1.7360208062418725,1.3333333333333333,1.4569288389513109,0.9151670951156812,0.0449438202247191,0.0,0.08614232209737828,0.0,-33.75,-58.0,True,0.0,0.0
-33.75_-60.0,0.010869565217391304,276,58,84.12610776722431,3.0,2.699275362318841,1.1114093959731544,1.6666666666666667,1.5797101449275361,1.0550458715596331,0.03985507246376811,0.0,0.09420289855072464,0.0,-33.75,-60.0,True,0.0,0.0
-33.75_-62.0,0.011029411764705883,272,53,68.40870659798384,2.6666666666666665,2.8529411764705883,0.9347079037800686,1.0,1.6102941176470589,0.6210045662100456,0.04044117647058824,0.09090909090909091,0.08088235294117647,0.045454545454545456,-33.75,-62.0,True,8.242424242424242,4.121212121212121
-33.75_-64.0,0.01056338028169014,284,53,61.94399110972881,1.6666666666666667,2.7359154929577465,0.6091806091806092,3.3333333333333335,1.5809859154929577,2.1083890126206386,0.045774647887323945,0.0,0.05985915492957746,0.058823529411764705,-33.75,-64.0,True,0.0,5.568627450980392
-33.75_-66.0,0.01048951048951049,286,51,51.40060130506754,2.6666666666666665,2.5,1.0666666666666667,4.0,1.7097902097902098,2.339468302658487,0.05244755244755245,0.0,0.05244755244755245,0.0,-33.75,-66.0,True,0.0,0.0
-33.75_-68.0,0.011029411764705883,272,44,61.00836452096701,2.6666666666666665,2.5183823529411766,1.0588807785888077,1.6666666666666667,1.6580882352941178,1.0051736881005173,0.051470588235294115,0.0,0.058823529411764705,0.0,-33.75,-68.0,True,0.0,0.0
-33.75_-70.0,0.006430868167202572,311,38,27.579213213175535,5.0,2.594855305466238,1.9268897149938042,2.5,1.6430868167202572,1.5215264187866928,0.05466237942122187,0.0,0.05144694533762058,0.0,-33.75,-70.0,True,0.0,0.0
-33.75_-72.0,0.0029069767441860465,344,13,9.720011777244508,1.0,2.2790697674418605,0.4387755102040816,1.0,1.6046511627906976,0.6231884057971014,0.06686046511627906,0.0,0.03197674418604651,0.0,-33.75,-72.0,False,0.0,0.0
-33.75_-74.0,0.0028653295128939827,349,15,6.647094804793596,7.0,3.1919770773638967,2.1929982046678638,1.0,1.6504297994269341,0.6059027777777778,0.05730659025787966,0.0,0.04011461318051576,0.0,-33.75,-74.0,False,0.0,0.0
-33.75_-76.0,0.005847953216374269,342,31,2.5922810949850827,4.0,3.508771929824561,1.1400000000000001,2.5,1.5350877192982457,1.6285714285714286,0.049707602339181284,0.0,0.05263157894736842,0.0,-33.75,-76.0,False,0.0,0.0
-35.25_-52.0,0.014285714285714285,280,64,63.74946814030409,3.75,3.4178571428571427,1.09717868338558,1.25,1.4857142857142858,0.8413461538461539,0.04285714285714286,0.08333333333333333,0.07142857142857142,0.0,-35.25,-52.0,False,5.833333333333333,0.0
-35.25_-54.0,0.0136986301369863,292,62,70.27323078364134,4.5,2.921232876712329,1.5404454865181711,1.75,1.3972602739726028,1.2524509803921569,0.04794520547945205,0.0,0.07191780821917808,0.0,-35.25,-54.0,False,0.0,0.0
-35.25_-56.0,0.01056338028169014,284,58,59.49861612170935,3.3333333333333335,2.6795774647887325,1.2439772229522559,1.3333333333333333,1.443661971830986,0.9235772357723576,0.028169014084507043,0.0,0.09154929577464789,0.0,-35.25,-56.0,False,0.0,0.0
-35.25_-58.0,0.01444043321299639,277,62,48.2790581882,3.25,2.631768953068592,1.2349108367626886,1.75,1.6101083032490975,1.0868834080717489,0.05054151624548736,0.0,0.10108303249097472,0.0,-35.25,-58.0,True,0.0,0.0
-35.25_-60.0,0.014388489208633094,278,63,41.800220869481564,2.5,2.661870503597122,0.9391891891891893,1.25,1.6151079136690647,0.7739420935412027,0.03597122302158273,0.0,0.08992805755395683,0.0,-35.25,-60.0,True,0.0,0.0
-35.25_-62.0,0.010948905109489052,274,57,35.6922073289752,3.0,2.6204379562043796,1.1448467966573816,1.0,1.583941605839416,0.631336405529954,0.0364963503649635,0.0,0.06569343065693431,0.05555555555555555,-35.25,-62.0,True,0.0,5.0740740740740735
-35.25_-64.0,0.0035335689045936395,283,55,79.21807765960693,2.0,2.392226148409894,0.8360413589364845,1.0,1.5017667844522968,0.6658823529411765,0.05653710247349823,0.0625,0.045936395759717315,0.0,-35.25,-64.0,True,17.6875,0.0
-35.25_-66.0,0.010452961672473868,287,49,36.77654564380646,1.6666666666666667,2.491289198606272,0.668997668997669,1.3333333333333333,1.494773519163763,0.891996891996892,0.059233449477351915,0.0,0.05574912891986063,0.0625,-35.25,-66.0,True,0.0,5.979166666666666
-35.25_-68.0,0.01048951048951049,286,42,26.477225124835968,3.0,2.465034965034965,1.2170212765957447,2.6666666666666665,1.6083916083916083,1.6579710144927535,0.04895104895104895,0.0,0.055944055944055944,0.0,-35.25,-68.0,True,0.0,0.0
-35.25_-70.0,0.006600660066006601,303,37,29.18537026271224,1.0,2.3993399339933994,0.4167812929848693,2.5,1.7062706270627064,1.4651837524177949,0.0627062706270627,0.0,0.0462046204620462,0.07142857142857142,-35.25,-70.0,True,0.0,10.821428571428571
-35.25_-72.0,0.005917159763313609,338,24,16.742839431390166,1.0,2.2544378698224854,0.44356955380577423,1.0,1.6153846153846154,0.6190476190476191,0.05621301775147929,0.0,0.038461538461538464,0.0,-35.25,-72.0,True,0.0,0.0
-35.25_-74.0,0.0029239766081871343,342,20,8.271058788523078,1.0,3.4035087719298245,0.29381443298969073,1.0,1.6754385964912282,0.5968586387434555,0.05555555555555555,0.0,0.04678362573099415,0.0,-35.25,-74.0,False,0.0,0.0
-35.25_-76.0,0.005813953488372093,344,23,3.736184723675251,2.5,2.9825581395348837,0.8382066276803118,1.0,1.4796511627906976,0.6758349705304518,0.046511627906976744,0.0,0.05232558139534884,0.0,-35.25,-76.0,False,0.0,0.0
-36.75_-52.0,0.014035087719298246,285,73,68.19389183074236,3.75,2.9087719298245616,1.2892038600723763,3.25,1.4526315789473685,2.23731884057971,0.03508771929824561,0.1,0.08421052631578947,0.0,-36.75,-52.0,False,7.125,0.0
-36.75_-54.0,0.015037593984962405,266,67,44.38329879194498,3.25,2.699248120300752,1.2040389972144847,1.0,1.4473684210526316,0.6909090909090909,0.04887218045112782,0.0,0.07894736842105263,0.0,-36.75,-54.0,False,0.0,0.0
-36.75_-56.0,0.014184397163120567,282,60,64.29982222616673,4.0,3.106382978723404,1.2876712328767124,1.5,1.49645390070922,1.0023696682464454,0.03546099290780142,0.0,0.07801418439716312,0.0,-36.75,-56.0,False,0.0,0.0
-36.75_-58.0,0.010869565217391304,276,60,90.55438712239265,2.6666666666666665,2.463768115942029,1.0823529411764705,3.6666666666666665,1.6123188405797102,2.2741573033707865,0.04710144927536232,0.0,0.07246376811594203,0.0,-36.75,-58.0,True,0.0,0.0
-36.75_-60.0,0.010830324909747292,277,62,74.2880953475833,2.3333333333333335,2.5667870036101084,0.9090482887951242,1.6666666666666667,1.5415162454873645,1.0811865729898518,0.05054151624548736,0.07142857142857142,0.07220216606498195,0.0,-36.75,-60.0,True,6.595238095238095,0.0
-36.75_-62.0,0.010752688172043012,279,60,56.16904255002737,1.6666666666666667,2.4444444444444446,0.6818181818181818,2.3333333333333335,1.5340501792114696,1.5210280373831777,0.05017921146953405,0.0,0.05734767025089606,0.0,-36.75,-62.0,True,0.0,0.0
-36.75_-64.0,0.010238907849829351,293,60,35.1166220381856,1.6666666666666667,2.430034129692833,0.6858614232209738,1.0,1.5255972696245734,0.6554809843400448,0.05460750853242321,0.0,0.05460750853242321,0.0,-36.75,-64.0,True,0.0,0.0
-36.75_-66.0,0.006779661016949152,295,52,25.139905884861946,1.5,2.4677966101694917,0.6078296703296703,1.0,1.5220338983050847,0.6570155902004454,0.04406779661016949,0.0,0.0576271186440678,0.0,-36.75,-66.0,True,0.0,0.0
-36.75_-68.0,0.010033444816053512,299,49,19.919803692027926,2.0,2.351170568561873,0.8506401137980085,2.3333333333333335,1.5217391304347827,1.5333333333333334,0.056856187290969896,0.0,0.06020066889632107,0.0,-36.75,-68.0,True,0.0,0.0
-36.75_-70.0,0.01020408163265306,294,44,30.913572013378143,1.6666666666666667,2.32312925170068,0.7174231332357248,1.3333333333333333,1.663265306122449,0.8016359918200409,0.05442176870748299,0.0625,0.04081632653061224,0.0,-36.75,-70.0,True,6.125000000000001,0.0
-36.75_-72.0,0.006230529595015576,321,30,26.10759325325489,2.0,2.1713395638629285,0.9210903873744619,1.0,1.6074766355140186,0.622093023255814,0.059190031152647975,0.0,0.03426791277258567,0.0,-36.75,-72.0,True,0.0,0.0
-36.75_-74.0,0.005917159763313609,338,23,10.046139685437083,1.0,2.2071005917159763,0.45308310991957107,1.0,1.6242603550295858,0.6156648451730419,0.06804733727810651,0.0,0.029585798816568046,0.0,-36.75,-74.0,False,0.0,0.0
-36.75_-76.0,0.005917159763313609,338,21,4.528447764459997,5.0,3.467455621301775,1.4419795221843004,1.0,1.4615384615384615,0.6842105263157895,0.05917159763313609,0.0,0.04142011834319527,0.0,-36.75,-76.0,False,0.0,0.0
-38.25_-52.0,0.013559322033898305,295,66,61.720918491482735,2.75,3.006779661016949,0.9145997745208568,1.75,1.5966101694915253,1.0960721868365182,0.02711864406779661,0.0,0.07796610169491526,0.0,-38.25,-52.0,False,0.0,0.0
-38.25_-54.0,0.014492753623188406,276,76,65.95917250961065,2.0,2.677536231884058,0.7469553450608931,1.25,1.4710144927536233,0.8497536945812807,0.021739130434782608,0.0,0.07246376811594203,0.05,-38.25,-54.0,False,0.0,3.45
-38.25_-56.0,0.013793103448275862,290,66,74.5913777500391,2.5,3.003448275862069,0.8323765786452354,3.0,1.6448275862068966,1.8238993710691822,0.041379310344827586,0.0,0.06551724137931035,0.05263157894736842,-38.25,-56.0,False,0.0,3.81578947368421
-38.25_-58.0,0.01079136690647482,278,66,57.10076652467251,2.6666666666666665,2.341726618705036,1.1387608806963645,4.0,1.5107913669064748,2.6476190476190475,0.06474820143884892,0.0,0.07194244604316546,0.0,-38.25,-58.0,True,0.0,0.0
-38.25_-60.0,0.01056338028169014,284,68,58.94220191985369,2.0,2.482394366197183,0.8056737588652483,1.0,1.556338028169014,0.6425339366515838,0.056338028169014086,0.0,0.07042253521126761,0.0,-38.25,-60.0,True,0.0,0.0
-38.25_-62.0,0.013201320132013201,303,62,65.07156919687986,2.75,2.382838283828383,1.1540858725761771,1.5,1.5148514851485149,0.9901960784313726,0.0627062706270627,0.05263157894736842,0.066006600660066,0.0,-38.25,-62.0,True,3.9868421052631575,0.0
-38.25_-64.0,0.013289036544850499,301,59,60.68846583366394,2.5,2.4186046511627906,1.0336538461538463,1.75,1.4817275747508305,1.1810538116591929,0.04983388704318937,0.06666666666666667,0.046511627906976744,0.0,-38.25,-64.0,True,5.016666666666667,0.0
-38.25_-66.0,0.00974025974025974,308,51,28.984994161874056,1.3333333333333333,2.2045454545454546,0.6048109965635738,2.3333333333333335,1.5551948051948052,1.5003479471120391,0.05519480519480519,0.0,0.05194805194805195,0.0,-38.25,-66.0,True,0.0,0.0
-38.25_-68.0,0.00974025974025974,308,51,19.861861690878868,2.0,2.211038961038961,0.9045521292217327,2.3333333333333335,1.6233766233766234,1.4373333333333334,0.06493506493506493,0.0,0.048701298701298704,0.0,-38.25,-68.0,True,0.0,0.0
-38.25_-70.0,0.009933774834437087,302,41,21.346167661249638,1.6666666666666667,2.2152317880794703,0.752366716492277,1.0,1.5827814569536425,0.6317991631799162,0.06291390728476821,0.0,0.026490066225165563,0.0,-38.25,-70.0,True,0.0,0.0
-38.25_-72.0,0.006349206349206349,315,39,18.112514913082123,2.0,2.215873015873016,0.9025787965616046,1.0,1.6317460317460317,0.6128404669260701,0.05714285714285714,0.0,0.03492063492063492,0.0,-38.25,-72.0,True,0.0,0.0
-38.25_-74.0,0.006024096385542169,332,30,17.20259478315711,1.0,2.1656626506024095,0.4617524339360223,1.0,1.5753012048192772,0.6347992351816444,0.06927710843373494,0.0,0.03614457831325301,0.0,-38.25,-74.0,False,0.0,0.0
-38.25_-76.0,0.006024096385542169,332,35,9.488224913366139,4.5,3.539156626506024,1.2714893617021277,1.5,1.5391566265060241,0.974559686888454,0.04819277108433735,0.0,0.05421686746987952,0.0,-38.25,-76.0,False,0.0,0.0
-39.75_-52.0,0.013333333333333334,300,61,59.33957453817129,1.75,2.8633333333333333,0.6111757857974389,1.5,1.63,0.9202453987730062,0.03,0.0,0.07,0.0,-39.75,-52.0,False,0.0,0.0
-39.75_-54.0,0.013651877133105802,293,71,42.64015294611454,2.0,2.7030716723549486,0.73989898989899,1.25,1.4197952218430034,0.8804086538461539,0.030716723549488054,0.0,0.06825938566552901,0.0,-39.75,-54.0,False,0.0,0.0
-39.75_-56.0,0.013289036544850499,301,64,31.92636575549841,2.0,2.8106312292358804,0.7115839243498818,1.5,1.6079734219269104,0.9328512396694214,0.03986710963455149,0.08333333333333333,0.06312292358803986,0.0,-39.75,-56.0,False,6.270833333333333,0.0
-39.75_-58.0,0.013029315960912053,307,60,40.18474230542779,3.75,2.794788273615635,1.3417832167832169,2.75,1.4462540716612378,1.9014639639639639,0.035830618892508145,0.0,0.06188925081433225,0.0,-39.75,-58.0,False,0.0,0.0
-39.75_-60.0,0.013071895424836602,306,62,48.93800653517246,3.25,2.80718954248366,1.1577415599534344,3.75,1.408496732026144,2.662412993039443,0.03594771241830065,0.0,0.08169934640522876,0.0,-39.75,-60.0,False,0.0,0.0
-39.75_-62.0,0.012944983818770227,309,60,38.50091267377138,2.75,2.928802588996764,0.9389502762430939,1.5,1.4886731391585761,1.007608695652174,0.042071197411003236,0.0,0.06796116504854369,0.0,-39.75,-62.0,False,0.0,0.0
-39.75_-64.0,0.012578616352201259,318,59,31.47206073626876,3.0,2.2767295597484276,1.3176795580110499,2.25,1.5062893081761006,1.4937369519832986,0.06289308176100629,0.0,0.040880503144654086,0.0,-39.75,-64.0,True,0.0,0.0
-39.75_-66.0,0.009433962264150943,318,54,21.60008903592825,2.3333333333333335,2.1949685534591197,1.0630372492836675,1.3333333333333333,1.628930817610063,0.8185328185328185,0.0660377358490566,0.0,0.0440251572327044,0.0,-39.75,-66.0,True,0.0,0.0
-39.75_-68.0,0.009615384615384616,312,49,19.200224010273814,2.6666666666666665,2.176282051282051,1.2253313696612667,1.0,1.5480769230769231,0.6459627329192547,0.0673076923076923,0.047619047619047616,0.04487179487179487,0.0,-39.75,-68.0,True,4.952380952380952,0.0
-39.75_-70.0,0.009868421052631578,304,40,22.077452670782804,1.6666666666666667,2.1414473684210527,0.778289810547875,1.0,1.6611842105263157,0.601980198019802,0.06907894736842106,0.0,0.029605263157894735,0.1111111111111111,-39.75,-70.0,True,0.0,11.25925925925926
-39.75_-72.0,0.006535947712418301,306,39,18.995531648397446,2.5,2.19281045751634,1.1400894187779433,1.5,1.7124183006535947,0.8759541984732825,0.0457516339869281,0.0,0.0457516339869281,0.0,-39.75,-72.0,True,0.0,0.0
-39.75_-74.0,0.00625,320,37,19.649305008351803,4.5,2.109375,2.1333333333333333,1.0,1.584375,0.631163708086785,0.059375,0.0,0.0375,0.0,-39.75,-74.0,False,0.0,0.0
-39.75_-76.0,0.009404388714733543,319,40,10.928478743880987,3.3333333333333335,3.2758620689655173,1.0175438596491229,1.0,1.573667711598746,0.6354581673306773,0.05329153605015674,0.0,0.050156739811912224,0.0,-39.75,-76.0,False,0.0,0.0
-41.25_-52.0,0.01282051282051282,312,63,36.81420888751745,1.5,2.907051282051282,0.515986769570011,1.25,1.4967948717948718,0.8351177730192719,0.019230769230769232,0.0,0.07692307692307693,0.0,-41.25,-52.0,False,0.0,0.0
-41.25_-54.0,0.01238390092879257,323,68,27.443768363445997,3.0,3.015479876160991,0.9948665297741273,1.5,1.6904024767801857,0.8873626373626373,0.021671826625386997,0.0,0.07430340557275542,0.0,-41.25,-54.0,False,0.0,0.0
-41.25_-56.0,0.009523809523809525,315,52,33.698989916592836,4.666666666666667,2.784126984126984,1.676168757126568,1.3333333333333333,1.5047619047619047,0.8860759493670886,0.044444444444444446,0.07142857142857142,0.06666666666666667,0.0,-41.25,-56.0,False,7.499999999999999,0.0
-41.25_-58.0,0.009615384615384616,312,55,31.97888256981969,2.0,2.426282051282051,0.8243064729194188,1.6666666666666667,1.4487179487179487,1.1504424778761062,0.038461538461538464,0.0,0.05128205128205128,0.0,-41.25,-58.0,False,0.0,0.0
-41.25_-60.0,0.009523809523809525,315,57,26.707607600837946,3.0,2.6095238095238096,1.1496350364963503,2.0,1.434920634920635,1.3938053097345133,0.04126984126984127,0.07692307692307693,0.06984126984126984,0.0,-41.25,-60.0,False,8.076923076923077,0.0
-41.25_-62.0,0.00964630225080386,311,56,30.382771231234074,1.6666666666666667,2.630225080385852,0.6336593317033415,1.3333333333333333,1.5241157556270097,0.8748241912798874,0.03858520900321544,0.0,0.06430868167202572,0.0,-41.25,-62.0,False,0.0,0.0
-41.25_-64.0,0.012944983818770227,309,60,23.11957636848092,2.5,2.197411003236246,1.137702503681885,1.0,1.4336569579288025,0.6975169300225734,0.05501618122977346,0.058823529411764705,0.05501618122977346,0.0,-41.25,-64.0,False,4.544117647058823,0.0
-41.25_-66.0,0.009554140127388535,314,55,30.399626400321722,2.0,2.245222929936306,0.8907801418439716,2.3333333333333335,1.570063694267516,1.4861392832995268,0.06687898089171974,0.0,0.050955414012738856,0.0,-41.25,-66.0,True,0.0,0.0
-41.25_-68.0,0.009966777408637873,301,53,27.79359547421336,2.6666666666666665,2.2458471760797343,1.1873767258382641,3.0,1.6677740863787376,1.798804780876494,0.059800664451827246,0.0,0.036544850498338874,0.0,-41.25,-68.0,True,0.0,0.0
-41.25_-70.0,0.009933774834437087,302,46,26.81103441864252,2.0,2.294701986754967,0.8715728715728716,3.0,1.7251655629139073,1.7389635316698655,0.059602649006622516,0.0,0.029801324503311258,0.0,-41.25,-70.0,True,0.0,0.0
-41.25_-72.0,0.010380622837370242,289,49,18.138386076316237,2.3333333333333335,2.3529411764705883,0.9916666666666667,1.0,1.685121107266436,0.5934291581108829,0.04844290657439446,0.0,0.05190311418685121,0.0,-41.25,-72.0,True,0.0,0.0
-41.25_-74.0,0.01056338028169014,284,43,20.694984309375286,3.6666666666666665,2.3309859154929575,1.5730110775427997,1.0,1.573943661971831,0.6353467561521253,0.05985915492957746,0.0,0.028169014084507043,0.0,-41.25,-74.0,False,0.0,0.0
-41.25_-76.0,0.010101010101010102,297,50,16.422334732487798,3.3333333333333335,3.4242424242424243,0.9734513274336284,1.0,1.5387205387205387,0.649890590809628,0.05723905723905724,0.058823529411764705,0.04377104377104377,0.0,-41.25,-76.0,False,5.823529411764706,0.0
-42.75_-52.0,0.012861736334405145,311,68,26.817564759403467,3.25,3.372990353697749,0.9635367016205911,1.5,1.4887459807073955,1.0075593952483801,0.028938906752411574,0.0,0.0707395498392283,0.0,-42.75,-52.0,False,0.0,0.0
-42.75_-54.0,0.012779552715654952,313,63,28.16334804520011,2.75,3.1246006389776357,0.8801124744376279,2.75,1.5878594249201279,1.7318913480885312,0.03194888178913738,0.1,0.06070287539936102,0.0,-42.75,-54.0,False,7.825000000000001,0.0
-42.75_-56.0,0.009433962264150943,318,54,34.38669489696622,3.0,2.79874213836478,1.0719101123595505,1.0,1.5031446540880504,0.6652719665271966,0.0440251572327044,0.0,0.059748427672955975,0.0,-42.75,-56.0,False,0.0,0.0
-42.75_-58.0,0.009202453987730062,326,43,37.173681892454624,3.0,2.6503067484662575,1.1319444444444444,1.6666666666666667,1.4539877300613497,1.1462728551336145,0.03987730061349693,0.0,0.05214723926380368,0.0,-42.75,-58.0,False,0.0,0.0
-42.75_-60.0,0.009230769230769232,325,44,28.972298093140125,1.6666666666666667,2.5723076923076924,0.64792663476874,1.3333333333333333,1.396923076923077,0.9544787077826725,0.046153846153846156,0.0,0.055384615384615386,0.0,-42.75,-60.0,False,0.0,0.0
-42.75_-62.0,0.009615384615384616,312,51,28.405423276126385,3.0,2.75,1.0909090909090908,2.0,1.4070512820512822,1.4214123006833712,0.041666666666666664,0.0,0.07371794871794872,0.0,-42.75,-62.0,False,0.0,0.0
-42.75_-64.0,0.009404388714733543,319,54,17.42047732695937,5.333333333333333,3.2413793103448274,1.6453900709219857,2.0,1.4670846394984327,1.363247863247863,0.034482758620689655,0.0,0.06583072100313479,0.0,-42.75,-64.0,True,0.0,0.0
-42.75_-66.0,0.009523809523809525,315,57,17.01935799792409,1.6666666666666667,2.092063492063492,0.7966616084977238,1.0,1.5492063492063493,0.6454918032786885,0.06349206349206349,0.0,0.044444444444444446,0.0,-42.75,-66.0,True,0.0,0.0
-42.75_-68.0,0.00980392156862745,306,47,25.085928104817867,2.0,2.179738562091503,0.9175412293853075,3.3333333333333335,1.6797385620915033,1.9844357976653697,0.06535947712418301,0.05,0.042483660130718956,0.0,-42.75,-68.0,True,5.1000000000000005,0.0
-42.75_-70.0,0.010067114093959731,298,52,21.13363863900304,1.3333333333333333,2.3053691275167787,0.5783600194080543,4.0,1.7348993288590604,2.3056092843326885,0.06375838926174497,0.0,0.03691275167785235,0.0,-42.75,-70.0,True,0.0,0.0
-42.75_-72.0,0.011111111111111112,270,54,18.393964553251863,1.6666666666666667,2.474074074074074,0.6736526946107785,2.3333333333333335,1.6814814814814816,1.3876651982378854,0.05555555555555555,0.0,0.02962962962962963,0.0,-42.75,-72.0,True,0.0,0.0
-42.75_-74.0,0.011450381679389313,262,53,21.930342726409435,2.0,2.3206106870229006,0.861842105263158,1.0,1.5648854961832062,0.6390243902439025,0.061068702290076333,0.0,0.03435114503816794,0.0,-42.75,-74.0,True,0.0,0.0
-42.75_-76.0,0.01090909090909091,275,49,17.621440580114722,1.6666666666666667,3.2181818181818183,0.5178907721280602,1.0,1.6036363636363635,0.6235827664399093,0.05818181818181818,0.0,0.03636363636363636,0.1,-42.75,-76.0,False,0.0,9.166666666666666
-44.25_-52.0,0.012987012987012988,308,65,31.38801120221615,3.25,3.198051948051948,1.016243654822335,2.25,1.5,1.5,0.03896103896103896,0.0,0.06168831168831169,0.0,-44.25,-52.0,False,0.0,0.0
-44.25_-54.0,0.009554140127388535,314,57,41.23379113152623,3.3333333333333335,3.1082802547770703,1.0724043715846994,3.0,1.5318471337579618,1.9584199584199584,0.03821656050955414,0.0,0.0732484076433121,0.0,-44.25,-54.0,False,0.0,0.0
-44.25_-56.0,0.009287925696594427,323,56,24.719695933163166,4.0,2.975232198142415,1.3444328824141518,3.6666666666666665,1.5696594427244581,2.335963182117028,0.03715170278637771,0.0,0.06811145510835913,0.0,-44.25,-56.0,False,0.0,0.0
-44.25_-58.0,0.009174311926605505,327,51,29.74611707031727,3.6666666666666665,2.7370030581039755,1.3396648044692736,1.6666666666666667,1.4342507645259939,1.1620469083155651,0.05198776758409786,0.058823529411764705,0.05198776758409786,0.0,-44.25,-58.0,False,6.411764705882352,0.0
-44.25_-60.0,0.008928571428571428,336,48,25.84478287026286,2.6666666666666665,2.669642857142857,0.9988851727982162,1.0,1.4136904761904763,0.7073684210526315,0.041666666666666664,0.0,0.05654761904761905,0.0,-44.25,-60.0,False,0.0,0.0
-44.25_-62.0,0.009146341463414634,328,55,15.714011527597904,1.6666666666666667,2.6646341463414633,0.6254767353165523,1.3333333333333333,1.4146341463414633,0.9425287356321839,0.042682926829268296,0.0,0.06707317073170732,0.0,-44.25,-62.0,False,0.0,0.0
-44.25_-64.0,0.009554140127388535,314,44,15.481794672086835,3.0,2.929936305732484,1.0239130434782608,1.3333333333333333,1.4267515923566878,0.9345238095238095,0.041401273885350316,0.0,0.07006369426751592,0.0,-44.25,-64.0,False,0.0,0.0
-44.25_-66.0,0.009316770186335404,322,53,18.27520513907075,2.3333333333333335,2.059006211180124,1.133232780291604,1.3333333333333333,1.6490683229813665,0.8085373509102322,0.07142857142857142,0.0,0.046583850931677016,0.0,-44.25,-66.0,True,0.0,0.0
-44.25_-68.0,0.009523809523809525,315,49,13.25956773944199,3.6666666666666665,2.1777777777777776,1.683673469387755,3.0,1.6476190476190475,1.8208092485549134,0.06984126984126984,0.045454545454545456,0.04126984126984127,0.0,-44.25,-68.0,True,4.7727272727272725,0.0
-44.25_-70.0,0.010238907849829351,293,51,14.93114260956645,2.3333333333333335,2.3959044368600684,0.9738841405508072,3.3333333333333335,1.6416382252559727,2.0304920304920304,0.06484641638225255,0.05263157894736842,0.040955631399317405,0.0,-44.25,-70.0,True,5.140350877192982,0.0
-44.25_-72.0,0.014925373134328358,268,61,15.724493516609073,2.25,2.4888059701492535,0.904047976011994,2.25,1.664179104477612,1.352017937219731,0.05223880597014925,0.0,0.033582089552238806,0.0,-44.25,-72.0,True,0.0,0.0
-44.25_-74.0,0.013215859030837005,227,49,28.92675418406725,4.0,3.511013215859031,1.1392722710163112,1.3333333333333333,1.9691629955947136,0.6771066368381804,0.04405286343612335,0.0,0.04405286343612335,0.0,-44.25,-74.0,True,0.0,0.0
-44.25_-76.0,0.0125,240,51,18.325069081038237,2.0,2.8125,0.7111111111111111,1.0,1.6083333333333334,0.6217616580310881,0.029166666666666667,0.0,0.058333333333333334,0.07142857142857142,-44.25,-76.0,False,0.0,5.7142857142857135
-45.75_-52.0,0.013422818791946308,298,66,30.766942352056503,3.0,3.4865771812080535,0.8604427333974977,1.0,1.5838926174496644,0.6313559322033898,0.03355704697986577,0.1,0.06375838926174497,0.0,-45.75,-52.0,False,7.45,0.0
-45.75_-54.0,0.00967741935483871,310,54,34.35207428410649,4.0,3.2161290322580647,1.2437311935807422,1.6666666666666667,1.564516129032258,1.0652920962199313,0.05161290322580645,0.0625,0.05806451612903226,0.0,-45.75,-54.0,False,6.458333333333333,0.0
-45.75_-56.0,0.009345794392523364,321,52,36.69295376166701,4.0,3.133956386292835,1.276341948310139,1.6666666666666667,1.6355140186915889,1.019047619047619,0.04672897196261682,0.0,0.0529595015576324,0.0,-45.75,-56.0,False,0.0,0.0
-45.75_-58.0,0.00906344410876133,331,49,32.85278398543596,4.666666666666667,2.897280966767372,1.610705596107056,1.3333333333333333,1.5105740181268883,0.8826666666666666,0.04833836858006042,0.0,0.054380664652567974,0.0,-45.75,-58.0,False,0.0,0.0
-45.75_-60.0,0.008955223880597015,335,49,19.149536546319723,2.0,2.7761194029850746,0.7204301075268817,1.0,1.4358208955223881,0.6964656964656964,0.04776119402985075,0.0,0.050746268656716415,0.0,-45.75,-60.0,False,0.0,0.0
-45.75_-62.0,0.009230769230769232,325,55,19.651448680087924,3.0,2.689230769230769,1.1155606407322656,1.6666666666666667,1.4338461538461538,1.1623748211731046,0.043076923076923075,0.0,0.06153846153846154,0.05,-45.75,-62.0,False,0.0,5.416666666666666
-45.75_-64.0,0.009259259259259259,324,54,18.179873982444406,1.6666666666666667,2.7376543209876543,0.608793686583991,1.0,1.4938271604938271,0.6694214876033058,0.04938271604938271,0.0,0.06790123456790123,0.045454545454545456,-45.75,-64.0,False,0.0,4.909090909090909
-45.75_-66.0,0.00906344410876133,331,46,18.325437465682626,2.0,3.096676737160121,0.6458536585365854,1.0,1.6314199395770392,0.6129629629629629,0.04229607250755287,0.0,0.0634441087613293,0.0,-45.75,-66.0,False,0.0,0.0
-45.75_-68.0,0.009404388714733543,319,58,20.183426281437278,1.3333333333333333,2.103448275862069,0.633879781420765,3.0,1.6206896551724137,1.8510638297872342,0.06583072100313479,0.0,0.04075235109717868,0.0,-45.75,-68.0,True,0.0,0.0
-45.75_-70.0,0.010526315789473684,285,58,14.537857426330447,1.6666666666666667,2.294736842105263,0.7262996941896025,1.0,1.6421052631578947,0.6089743589743589,0.06315789473684211,0.0,0.03859649122807018,0.0,-45.75,-70.0,True,0.0,0.0
-45.75_-72.0,0.016129032258064516,248,62,14.815960172563791,1.5,2.4274193548387095,0.6179401993355482,1.0,1.7580645161290323,0.5688073394495413,0.04032258064516129,0.0,0.03225806451612903,0.0,-45.75,-72.0,True,0.0,0.0
-45.75_-74.0,0.014150943396226415,212,50,31.013317499309778,2.6666666666666665,2.5377358490566038,1.050805452292441,1.0,1.6367924528301887,0.6109510086455331,0.0660377358490566,0.0,0.02358490566037736,0.0,-45.75,-74.0,True,0.0,0.0
-45.75_-76.0,0.015463917525773196,194,49,26.51630910113454,6.333333333333333,3.7422680412371134,1.692378328741965,1.0,1.4845360824742269,0.673611111111111,0.05154639175257732,0.0,0.05154639175257732,0.0,-45.75,-76.0,False,0.0,0.0
-47.25_-52.0,0.014336917562724014,279,65,35.03080476075411,4.5,3.3978494623655915,1.3243670886075949,1.5,1.6344086021505377,0.9177631578947368,0.05734767025089606,0.0625,0.053763440860215055,0.0,-47.25,-52.0,False,4.359375,0.0
-47.25_-54.0,0.013289036544850499,301,65,44.013636745512486,6.0,3.1362126245847177,1.9131355932203389,1.75,1.6179401993355482,1.0816221765913758,0.053156146179401995,0.0,0.06312292358803986,0.0,-47.25,-54.0,False,0.0,0.0
-47.25_-56.0,0.0125,320,64,31.73823058605194,3.75,3.2625,1.1494252873563218,1.75,1.55625,1.1244979919678715,0.05,0.0,0.0625,0.0,-47.25,-56.0,False,0.0,0.0
-47.25_-58.0,0.00906344410876133,331,55,23.30609718337655,5.0,3.2779456193353473,1.5253456221198156,2.0,1.5709969788519638,1.273076923076923,0.054380664652567974,0.0,0.0513595166163142,0.0,-47.25,-58.0,False,0.0,0.0
-47.25_-60.0,0.009146341463414634,328,51,21.218545641750097,2.3333333333333335,3.3140243902439024,0.7040785035265257,1.0,1.6067073170731707,0.6223908918406073,0.039634146341463415,0.0,0.06097560975609756,0.0,-47.25,-60.0,False,0.0,0.0
-47.25_-62.0,0.009202453987730062,326,58,19.989961478859186,1.6666666666666667,2.938650306748466,0.5671537926235213,1.0,1.49079754601227,0.6707818930041152,0.03374233128834356,0.0,0.05828220858895705,0.0,-47.25,-62.0,False,0.0,0.0
-47.25_-64.0,0.00911854103343465,329,53,14.505434548482299,2.3333333333333335,2.778115501519757,0.8398978847556529,1.3333333333333333,1.5623100303951367,0.8534370946822308,0.0425531914893617,0.0,0.0668693009118541,0.0,-47.25,-64.0,False,0.0,0.0
-47.25_-66.0,0.009174311926605505,327,50,16.86968570575118,5.0,3.003058103975535,1.664969450101833,3.0,1.581039755351682,1.8974854932301741,0.03669724770642202,0.0,0.0672782874617737,0.0,-47.25,-66.0,True,0.0,0.0
-47.25_-68.0,0.013029315960912053,307,66,18.849176075309515,4.0,2.0944625407166124,1.9097978227060652,2.5,1.6188925081433225,1.544265593561368,0.0781758957654723,0.041666666666666664,0.04234527687296417,0.0,-47.25,-68.0,True,3.1979166666666665,0.0
-47.25_-70.0,0.014814814814814815,270,62,12.9722666926682,4.25,2.2222222222222223,1.9124999999999999,1.5,1.6666666666666667,0.8999999999999999,0.06666666666666667,0.05555555555555555,0.040740740740740744,0.0,-47.25,-70.0,True,3.7499999999999996,0.0
-47.25_-72.0,0.017699115044247787,226,60,16.102446103468537,1.0,2.3008849557522124,0.4346153846153846,1.75,1.6150442477876106,1.0835616438356164,0.061946902654867256,0.0,0.022123893805309734,0.0,-47.25,-72.0,True,0.0,0.0
-47.25_-74.0,0.018867924528301886,159,45,25.36474373191595,4.666666666666667,2.610062893081761,1.7879518072289158,2.0,1.4591194968553458,1.370689655172414,0.06918238993710692,0.0,0.012578616352201259,0.0,-47.25,-74.0,True,0.0,0.0
-47.25_-76.0,0.022556390977443608,133,43,31.781315244734287,4.0,3.4661654135338344,1.154013015184382,2.3333333333333335,1.3834586466165413,1.686594202898551,0.05263157894736842,0.14285714285714285,0.045112781954887216,0.0,-47.25,-76.0,False,6.333333333333333,0.0
-48.75_-52.0,0.013333333333333334,300,69,34.08473515883088,3.25,3.3966666666666665,0.956820412168793,2.0,1.6333333333333333,1.2244897959183674,0.05333333333333334,0.0,0.06,0.0,-48.75,-52.0,False,0.0,0.0
-48.75_-54.0,0.009771986970684038,307,65,36.51354666799307,4.333333333333333,3.42671009771987,1.2645754119138148,3.6666666666666665,1.6254071661237786,2.2558450233800933,0.05537459283387622,0.0,0.06188925081433225,0.0,-48.75,-54.0,False,0.0,0.0
-48.75_-56.0,0.009771986970684038,307,63,25.872055906802416,4.333333333333333,3.452768729641694,1.2550314465408803,2.0,1.5798045602605864,1.265979381443299,0.05211726384364821,0.0,0.05211726384364821,0.0,-48.75,-56.0,False,0.0,0.0
-48.75_-58.0,0.009868421052631578,304,52,27.33868695795536,3.6666666666666665,3.4046052631578947,1.0769726247987117,3.3333333333333335,1.6217105263157894,2.0554428668018936,0.0625,0.0,0.046052631578947366,0.0,-48.75,-58.0,False,0.0,0.0
-48.75_-60.0,0.009771986970684038,307,58,24.30422343313694,3.3333333333333335,3.2931596091205213,1.012199142762941,2.6666666666666665,1.6775244299674268,1.5896440129449836,0.035830618892508145,0.0,0.05863192182410423,0.0,-48.75,-60.0,False,0.0,0.0
-48.75_-62.0,0.009554140127388535,314,57,27.189135365188122,3.6666666666666665,3.1082802547770703,1.1796448087431692,1.3333333333333333,1.60828025477707,0.829042904290429,0.041401273885350316,0.0,0.06050955414012739,0.0,-48.75,-62.0,False,0.0,0.0
-48.75_-64.0,0.009146341463414634,328,56,17.07597356289625,3.0,2.8201219512195124,1.0637837837837838,1.3333333333333333,1.4695121951219512,0.9073305670816044,0.036585365853658534,0.0,0.06707317073170732,0.0,-48.75,-64.0,False,0.0,0.0
-48.75_-66.0,0.006060606060606061,330,54,13.754511997103691,2.0,3.0393939393939395,0.6580259222333,1.0,1.5636363636363637,0.6395348837209301,0.045454545454545456,0.0,0.06060606060606061,0.0,-48.75,-66.0,False,0.0,0.0
-48.75_-68.0,0.013937282229965157,287,72,18.550174729898572,2.75,1.9337979094076656,1.422072072072072,2.5,1.5818815331010454,1.580396475770925,0.08710801393728224,0.08,0.020905923344947737,0.0,-48.75,-68.0,True,5.74,0.0
-48.75_-70.0,0.017467248908296942,229,67,17.78532271273434,3.75,2.2358078602620086,1.67724609375,1.5,1.4497816593886463,1.0346385542168675,0.056768558951965066,0.15384615384615385,0.048034934497816595,0.0,-48.75,-70.0,True,8.807692307692308,0.0
-48.75_-72.0,0.016666666666666666,180,50,22.58738251402974,3.3333333333333335,2.4944444444444445,1.3363028953229399,2.3333333333333335,1.4222222222222223,1.640625,0.06666666666666667,0.0,0.016666666666666666,0.0,-48.75,-72.0,True,0.0,0.0
-48.75_-74.0,0.015267175572519083,131,39,22.355270013213158,3.0,2.6946564885496183,1.113314447592068,1.0,1.3969465648854962,0.7158469945355191,0.08396946564885496,0.0,0.022900763358778626,0.0,-48.75,-74.0,True,0.0,0.0
-48.75_-76.0,0.02830188679245283,106,41,34.43237207829952,2.6666666666666665,3.556603773584906,0.7497789566755083,1.3333333333333333,1.3679245283018868,0.9747126436781608,0.0660377358490566,0.14285714285714285,0.02830188679245283,0.0,-48.75,-76.0,False,5.0476190476190474,0.0
-50.25_-52.0,0.010238907849829351,293,77,26.82978557422757,1.3333333333333333,3.3412969283276452,0.39904664623765745,2.0,1.5904436860068258,1.257510729613734,0.05460750853242321,0.0625,0.051194539249146756,0.0,-50.25,-52.0,False,6.104166666666667,0.0
-50.25_-54.0,0.009771986970684038,307,74,24.02039375156164,6.333333333333333,3.3355048859934855,1.8987630208333333,3.3333333333333335,1.6188925081433225,2.0590207914151577,0.06514657980456026,0.0,0.04234527687296417,0.0,-50.25,-54.0,False,0.0,0.0
-50.25_-56.0,0.013377926421404682,299,68,21.192967426031828,4.0,3.4013377926421406,1.1760078662733529,2.25,1.6354515050167224,1.3757668711656441,0.05016722408026756,0.0,0.05016722408026756,0.0,-50.25,-56.0,False,0.0,0.0
-50.25_-58.0,0.013986013986013986,286,63,20.41525966487825,4.0,3.7167832167832167,1.0761994355597366,3.0,1.7202797202797202,1.7439024390243902,0.045454545454545456,0.07692307692307693,0.05244755244755245,0.0,-50.25,-58.0,False,5.5,0.0
-50.25_-60.0,0.013513513513513514,296,64,17.04361103475094,4.25,3.543918918918919,1.1992373689227835,2.25,1.6283783783783783,1.3817427385892116,0.05067567567567568,0.0,0.05405405405405406,0.0,-50.25,-60.0,False,0.0,0.0
-50.25_-62.0,0.013114754098360656,305,66,21.620600391179323,2.5,3.124590163934426,0.8001049317943337,1.25,1.498360655737705,0.8342450765864332,0.04262295081967213,0.0,0.05901639344262295,0.0,-50.25,-62.0,False,0.0,0.0
-50.25_-64.0,0.012698412698412698,315,64,11.06416373513639,3.0,2.980952380952381,1.0063897763578276,1.0,1.4825396825396826,0.6745182012847966,0.0380952380952381,0.0,0.06984126984126984,0.0,-50.25,-64.0,False,0.0,0.0
-50.25_-66.0,0.012232415902140673,327,63,14.993374468758702,3.75,2.90519877675841,1.2907894736842105,1.0,1.5137614678899083,0.6606060606060606,0.039755351681957186,0.0,0.0581039755351682,0.0,-50.25,-66.0,False,0.0,0.0
-50.25_-68.0,0.013201320132013201,303,66,13.69588477537036,3.75,2.9867986798679866,1.2555248618784531,1.0,1.5214521452145215,0.6572668112798264,0.052805280528052806,0.0,0.0594059405940594,0.0,-50.25,-68.0,False,0.0,0.0
-50.25_-70.0,0.01809954751131222,221,64,8.793811686336994,2.25,2.004524886877828,1.1224604966139955,1.25,1.4343891402714932,0.8714511041009464,0.06787330316742081,0.06666666666666667,0.027149321266968326,0.0,-50.25,-70.0,True,3.683333333333333,0.0
-50.25_-72.0,0.017857142857142856,168,54,15.425956109538674,1.6666666666666667,2.5238095238095237,0.6603773584905661,1.6666666666666667,1.3214285714285714,1.2612612612612613,0.07738095238095238,0.0,0.005952380952380952,0.0,-50.25,-72.0,True,0.0,0.0
-50.25_-74.0,0.02608695652173913,115,40,19.382642302662134,3.0,2.860869565217391,1.0486322188449848,1.0,1.3217391304347825,0.7565789473684211,0.09565217391304348,0.0,0.017391304347826087,0.0,-50.25,-74.0,True,0.0,0.0
-50.25_-76.0,0.024691358024691357,81,34,32.20813851803541,6.0,3.0864197530864197,1.944,2.0,1.3703703703703705,1.4594594594594594,0.04938271604938271,0.0,0.037037037037037035,0.0,-50.25,-76.0,False,0.0,0.0
-51.75_-52.0,0.010869565217391304,276,78,21.86968121677637,5.666666666666667,3.2028985507246377,1.7692307692307694,2.3333333333333335,1.5869565217391304,1.4703196347031966,0.050724637681159424,0.0,0.050724637681159424,0.0,-51.75,-52.0,False,0.0,0.0
-51.75_-54.0,0.011029411764705883,272,72,21.772545855492353,5.666666666666667,3.2830882352941178,1.7260171705860397,1.6666666666666667,1.6801470588235294,0.9919766593727207,0.04779411764705882,0.0,0.0661764705882353,0.0,-51.75,-54.0,False,0.0,0.0
-51.75_-56.0,0.014035087719298246,285,73,19.974748324602842,5.75,3.463157894736842,1.6603343465045592,2.75,1.6175438596491227,1.7001084598698482,0.05964912280701754,0.0,0.05263157894736842,0.0,-51.75,-56.0,False,0.0,0.0
-51.75_-58.0,0.014084507042253521,284,75,17.743306746706367,3.0,3.4471830985915495,0.8702757916241062,2.25,1.6443661971830985,1.3683083511777303,0.05985915492957746,0.058823529411764705,0.06338028169014084,0.0,-51.75,-58.0,True,4.176470588235294,0.0
-51.75_-60.0,0.013986013986013986,286,62,17.505638301372528,4.5,3.132867132867133,1.4363839285714286,2.5,1.6643356643356644,1.5021008403361344,0.06293706293706294,0.0,0.055944055944055944,0.0,-51.75,-60.0,True,0.0,0.0
-51.75_-62.0,0.013468013468013467,297,64,12.692567193880677,4.5,3.1515151515151514,1.4278846153846154,2.75,1.6296296296296295,1.6875,0.06060606060606061,0.0,0.05387205387205387,0.0,-51.75,-62.0,False,0.0,0.0
-51.75_-64.0,0.013157894736842105,304,63,15.374870086088777,1.25,3.0953947368421053,0.40382571732199785,1.0,1.6085526315789473,0.621676891615542,0.046052631578947366,0.0,0.05921052631578947,0.0,-51.75,-64.0,False,0.0,0.0
-51.75_-66.0,0.012578616352201259,318,60,13.928293995559216,2.75,2.89937106918239,0.9484815618221258,1.25,1.628930817610063,0.7673745173745173,0.040880503144654086,0.0,0.059748427672955975,0.0,-51.75,-66.0,False,0.0,0.0
-51.75_-68.0,0.013071895424836602,306,70,15.441789105534554,4.75,3.395424836601307,1.3989412897016362,2.5,1.5294117647058822,1.6346153846153848,0.049019607843137254,0.0,0.049019607843137254,0.0,-51.75,-68.0,False,0.0,0.0
-51.75_-70.0,0.018957345971563982,211,65,11.819528276100755,1.75,2.199052132701422,0.7957974137931034,2.5,1.5213270142180095,1.6433021806853583,0.07582938388625593,0.0,0.018957345971563982,0.0,-51.75,-70.0,True,0.0,0.0
-51.75_-72.0,0.023076923076923078,130,49,14.703121315687895,3.6666666666666665,2.669230769230769,1.3736791546589817,3.0,1.3615384615384616,2.2033898305084745,0.07692307692307693,0.0,0.015384615384615385,0.0,-51.75,-72.0,True,0.0,0.0
-51.75_-74.0,0.02857142857142857,70,28,19.386962335556746,4.0,2.7142857142857144,1.4736842105263157,1.5,1.4,1.0714285714285714,0.1,0.14285714285714285,0.014285714285714285,0.0,-51.75,-74.0,True,5.0,0.0
-51.75_-76.0,0.03125,64,25,25.535996071994305,3.0,4.671875,0.6421404682274248,2.0,1.515625,1.3195876288659794,0.03125,0.0,0.03125,0.0,-51.75,-76.0,False,0.0,0.0
-53.25_-52.0,0.011152416356877323,269,77,22.818310651928186,3.3333333333333335,3.3643122676579926,0.990791896869245,3.0,1.5278810408921932,1.9635036496350367,0.055762081784386616,0.0,0.05947955390334572,0.0,-53.25,-52.0,False,0.0,0.0
-53.25_-54.0,0.011320754716981131,265,69,18.44492359086871,4.333333333333333,3.479245283018868,1.2454808387563268,3.0,1.4792452830188678,2.028061224489796,0.04905660377358491,0.0,0.06415094339622641,0.0,-53.25,-54.0,False,0.0,0.0
-53.25_-56.0,0.015209125475285171,263,71,14.529023738577962,3.5,3.346007604562738,1.0460227272727272,2.5,1.5019011406844107,1.6645569620253164,0.060836501901140684,0.0,0.057034220532319393,0.0,-53.25,-56.0,False,0.0,0.0
-53.25_-58.0,0.015873015873015872,252,70,18.567517725750804,6.5,3.2103174603174605,2.0247218788627936,2.0,1.5992063492063493,1.250620347394541,0.06746031746031746,0.0,0.051587301587301584,0.0,-53.25,-58.0,False,0.0,0.0
-53.25_-60.0,0.0176678445229682,283,81,13.261091569438577,5.4,3.0989399293286217,1.742531356898518,1.8,1.5936395759717314,1.1294900221729491,0.0636042402826855,0.0,0.053003533568904596,0.0,-53.25,-60.0,False,0.0,0.0
-53.25_-62.0,0.016666666666666666,300,82,13.506162911653519,4.0,3.0366666666666666,1.3172338090010978,1.4,1.64,0.8536585365853658,0.05,0.0,0.05333333333333334,0.0,-53.25,-62.0,False,0.0,0.0
-53.25_-64.0,0.012779552715654952,313,74,14.161030109971762,2.0,3.009584664536741,0.664543524416136,1.5,1.5910543130990416,0.9427710843373494,0.051118210862619806,0.0,0.054313099041533544,0.0,-53.25,-64.0,False,0.0,0.0
-53.25_-66.0,0.013377926421404682,299,68,14.282476343214512,2.5,3.230769230769231,0.7738095238095238,2.5,1.6555183946488294,1.5101010101010102,0.05016722408026756,0.0,0.06020066889632107,0.0,-53.25,-66.0,False,0.0,0.0
-53.25_-68.0,0.010344827586206896,290,70,14.817154593765736,4.666666666666667,3.779310344827586,1.2347931873479319,2.0,1.5724137931034483,1.2719298245614035,0.06551724137931035,0.0,0.05862068965517241,0.058823529411764705,-53.25,-68.0,False,0.0,5.686274509803922
-53.25_-70.0,0.01935483870967742,155,53,14.423385355621576,2.0,2.161290322580645,0.9253731343283582,3.6666666666666665,1.367741935483871,2.680817610062893,0.06451612903225806,0.0,0.01935483870967742,0.0,-53.25,-70.0,True,0.0,0.0
-53.25_-72.0,0.0297029702970297,101,40,15.342833194881678,2.3333333333333335,2.8415841584158414,0.821138211382114,2.0,1.316831683168317,1.518796992481203,0.07920792079207921,0.0,0.019801980198019802,0.0,-53.25,-72.0,True,0.0,0.0
-53.25_-74.0,0.030303030303030304,66,29,19.972888799384236,2.0,2.6363636363636362,0.7586206896551725,1.5,1.303030303030303,1.1511627906976745,0.07575757575757576,0.0,0.030303030303030304,0.0,-53.25,-74.0,False,0.0,0.0
-53.25_-76.0,0.023529411764705882,85,35,29.78626973927021,4.5,4.823529411764706,0.9329268292682927,1.0,1.4941176470588236,0.6692913385826772,0.023529411764705882,0.0,0.011764705882352941,0.0,-53.25,-76.0,False,0.0,0.0
-54.75_-52.0,0.014814814814814815,270,82,14.961605379357934,4.75,3.511111111111111,1.3528481012658229,2.25,1.5407407407407407,1.4603365384615385,0.02962962962962963,0.0,0.05185185185185185,0.0,-54.75,-52.0,False,0.0,0.0
-54.75_-54.0,0.01384083044982699,289,84,15.223031491041183,2.0,3.0899653979238755,0.6472564389697648,1.0,1.5536332179930796,0.643652561247216,0.04152249134948097,0.0,0.05536332179930796,0.0625,-54.75,-54.0,False,0.0,4.515625
-54.75_-56.0,0.018315018315018316,273,84,13.804411143064499,2.8,2.8424908424908426,0.9850515463917525,1.0,1.586080586080586,0.6304849884526559,0.06227106227106227,0.0,0.04395604395604396,0.08333333333333333,-54.75,-56.0,False,0.0,4.55
-54.75_-58.0,0.01858736059479554,269,78,16.298816492781043,2.8,2.8215613382899627,0.9923583662714097,1.2,1.520446096654275,0.7892420537897311,0.06319702602230483,0.0,0.040892193308550186,0.0,-54.75,-58.0,False,0.0,0.0
-54.75_-60.0,0.019083969465648856,262,81,17.094835359603167,2.6,2.8587786259541983,0.9094793057409881,1.4,1.5190839694656488,0.921608040201005,0.061068702290076333,0.0625,0.03816793893129771,0.0,-54.75,-60.0,False,3.275,0.0
-54.75_-62.0,0.017985611510791366,278,84,15.109703550115228,3.0,3.097122302158273,0.9686411149825784,2.4,1.4892086330935252,1.6115942028985506,0.050359712230215826,0.0,0.0539568345323741,0.0,-54.75,-62.0,False,0.0,0.0
-54.75_-64.0,0.017605633802816902,284,79,11.767129646614194,2.2,3.1056338028169015,0.708390022675737,1.8,1.5316901408450705,1.1751724137931034,0.07394366197183098,0.047619047619047616,0.05985915492957746,0.0,-54.75,-64.0,True,2.7047619047619045,0.0
-54.75_-66.0,0.014598540145985401,274,74,17.006704676896334,2.0,3.197080291970803,0.6255707762557078,1.5,1.448905109489051,1.035264483627204,0.06934306569343066,0.0,0.040145985401459854,0.09090909090909091,-54.75,-66.0,True,0.0,6.2272727272727275
-54.75_-68.0,0.02,150,55,19.238582532852888,2.0,2.36,0.8474576271186441,2.6666666666666665,1.3,2.051282051282051,0.06,0.0,0.02,0.0,-54.75,-68.0,True,0.0,0.0
-54.75_-70.0,0.02197802197802198,91,34,25.665043853223324,2.0,3.098901098901099,0.6453900709219857,4.0,1.2857142857142858,3.1111111111111107,0.06593406593406594,0.0,0.01098901098901099,0.0,-54.75,-70.0,True,0.0,0.0
-54.75_-72.0,0.022222222222222223,90,31,22.944436501711607,6.5,4.044444444444444,1.6071428571428572,2.5,1.3333333333333333,1.875,0.07777777777777778,0.0,0.03333333333333333,0.0,-54.75,-72.0,False,0.0,0.0
-54.75_-74.0,0.031914893617021274,94,40,17.518041422590613,5.0,3.851063829787234,1.2983425414364642,2.0,1.5,1.3333333333333333,0.07446808510638298,0.0,0.0425531914893617,0.0,-54.75,-74.0,False,0.0,0.0
-54.75_-76.0,0.025210084033613446,119,44,20.786380162462592,3.3333333333333335,4.823529411764706,0.6910569105691058,1.0,1.5378151260504203,0.6502732240437158,0.04201680672268908,0.0,0.025210084033613446,0.0,-54.75,-76.0,False,0.0,0.0
